"id","event_date","gross_revenue","currency","user_id","tax_rate"
"1","2019-12-11 22:46:11","29.99","EUR","6638","0.18"
"2","2021-04-10 14:28:00","99.99","EUR","2515","0.32"
"3","2019-11-19 04:09:07","29.99","EUR","4771","0.32"
"4","2020-04-15 01:07:46","59.99","EUR","2779","0.18"
"5","2019-07-26 10:42:24","29.99","USD","6950","0.32"
"6","2019-11-22 18:19:48","99.99","USD","5035","0.32"
"7","2020-10-29 00:38:21","99.99","USD","3643","0.18"
"8","2020-12-14 09:03:39","59.99","USD","3781","0.18"
"9","2019-11-19 20:42:55","99.99","EUR","6266","0.32"
"10","2020-12-04 12:09:18","99.99","USD","1589","0.18"
"11","2020-06-30 17:16:08","29.99","USD","2779","0.32"
"12","2020-09-06 02:56:56","59.99","EUR","6793","0.18"
"13","2020-08-24 03:56:53","59.99","USD","9618","0.18"
"14","2020-12-30 21:42:13","29.99","USD","3658","0.32"
"15","2021-01-10 02:02:44","59.99","USD","5885","0.18"
"16","2021-03-28 09:33:24","99.99","EUR","97","0.32"
"17","2019-08-08 22:42:56","29.99","USD","5619","0.18"
"18","2019-10-12 03:29:07","29.99","USD","7307","0.18"
"19","2019-07-03 04:17:22","99.99","USD","1674","0.18"
"20","2019-06-12 12:05:53","59.99","USD","7255","0.18"
"21","2020-06-29 07:12:12","29.99","USD","7554","0.18"
"22","2021-02-09 09:31:34","29.99","EUR","9278","0.18"
"23","2020-08-05 22:46:05","59.99","EUR","486","0.32"
"24","2020-09-10 01:14:01","99.99","USD","5595","0.32"
"25","2020-10-19 22:39:35","99.99","EUR","1766","0.18"
"26","2021-03-19 22:36:33","29.99","USD","7132","0.18"
"27","2019-12-19 17:46:07","29.99","EUR","8828","0.32"
"28","2021-02-27 14:22:51","59.99","USD","5447","0.18"
"29","2021-03-15 20:12:31","59.99","EUR","6800","0.18"
"30","2019-08-17 00:48:06","59.99","USD","4076","0.32"
"31","2020-07-06 23:48:46","29.99","EUR","8380","0.32"
"32","2019-12-12 00:17:21","29.99","USD","2816","0.32"
"33","2020-11-24 17:15:00","29.99","USD","2473","0.18"
"34","2021-03-04 21:48:57","59.99","USD","7244","0.18"
"35","2020-08-25 23:10:50","99.99","EUR","6792","0.32"
"36","2020-07-18 07:52:23","59.99","USD","1244","0.18"
"37","2020-07-27 03:59:38","29.99","EUR","50","0.18"
"38","2021-01-14 05:19:01","29.99","USD","8124","0.32"
"39","2019-05-27 16:17:15","99.99","USD","6767","0.32"
"40","2021-04-17 16:26:13","29.99","EUR","5905","0.32"
"41","2019-05-25 23:53:58","99.99","USD","9238","0.18"
"42","2021-01-01 02:33:01","59.99","EUR","4606","0.18"
"43","2019-11-25 03:10:24","59.99","USD","5740","0.18"
"44","2020-08-23 09:19:52","29.99","EUR","5772","0.32"
"45","2019-07-10 12:44:45","59.99","EUR","3136","0.32"
"46","2020-06-09 14:50:55","29.99","EUR","7517","0.32"
"47","2019-11-06 16:41:33","99.99","EUR","7482","0.32"
"48","2020-10-01 04:36:30","99.99","USD","299","0.18"
"49","2020-03-11 02:03:24","29.99","USD","4116","0.32"
"50","2020-10-03 10:21:34","59.99","EUR","2198","0.18"
"51","2021-04-24 16:09:34","99.99","EUR","3049","0.32"
"52","2019-11-28 14:29:32","99.99","USD","6503","0.32"
"53","2019-10-30 11:00:07","29.99","USD","719","0.32"
"54","2019-08-30 07:21:56","59.99","EUR","8092","0.32"
"55","2020-05-29 20:24:53","99.99","USD","4358","0.32"
"56","2021-03-27 10:04:07","99.99","EUR","5470","0.18"
"57","2020-04-09 06:26:26","29.99","USD","7794","0.18"
"58","2020-12-29 06:43:01","59.99","USD","3782","0.18"
"59","2019-06-14 14:56:20","29.99","USD","8603","0.32"
"60","2020-10-21 00:55:33","59.99","EUR","5246","0.18"
"61","2020-12-15 07:25:12","59.99","USD","5911","0.32"
"62","2020-03-30 02:27:55","99.99","USD","6232","0.32"
"63","2020-09-05 04:16:38","99.99","EUR","97","0.32"
"64","2019-07-22 04:25:40","99.99","EUR","5525","0.18"
"65","2019-11-18 11:47:26","29.99","USD","6567","0.18"
"66","2019-12-07 13:54:46","59.99","USD","3414","0.32"
"67","2021-03-22 20:17:03","29.99","EUR","3177","0.32"
"68","2019-08-18 11:37:52","29.99","USD","2813","0.18"
"69","2019-12-22 21:30:57","99.99","USD","1532","0.32"
"70","2020-11-13 12:42:58","29.99","EUR","191","0.32"
"71","2019-12-29 22:06:47","59.99","EUR","7837","0.32"
"72","2019-09-06 00:46:34","29.99","EUR","6482","0.18"
"73","2019-09-29 16:59:42","29.99","EUR","6507","0.18"
"74","2019-09-16 12:49:41","99.99","USD","1058","0.18"
"75","2019-06-07 17:30:43","59.99","USD","7905","0.32"
"76","2019-08-16 16:00:30","59.99","USD","9087","0.32"
"77","2019-09-11 16:18:43","59.99","USD","6587","0.32"
"78","2020-05-04 17:06:55","99.99","EUR","2877","0.18"
"79","2020-08-19 07:27:27","29.99","EUR","7501","0.18"
"80","2020-12-20 09:26:12","59.99","USD","8984","0.32"
"81","2020-06-05 04:40:53","59.99","EUR","6226","0.32"
"82","2019-08-23 13:35:19","59.99","EUR","9089","0.18"
"83","2020-08-08 21:53:12","29.99","USD","7433","0.32"
"84","2020-12-06 14:26:59","59.99","USD","7972","0.18"
"85","2020-11-23 23:34:43","99.99","EUR","9069","0.18"
"86","2019-05-20 13:25:52","59.99","USD","9266","0.32"
"87","2019-10-10 02:32:00","99.99","USD","631","0.32"
"88","2020-08-15 19:54:27","59.99","EUR","2957","0.32"
"89","2020-08-20 14:52:14","59.99","USD","4861","0.18"
"90","2021-02-28 23:32:49","99.99","USD","3675","0.18"
"91","2020-08-13 00:00:19","99.99","USD","300","0.32"
"92","2019-10-24 03:38:32","99.99","EUR","9310","0.18"
"93","2020-11-11 19:20:04","29.99","EUR","5644","0.18"
"94","2020-03-31 14:52:58","99.99","EUR","723","0.32"
"95","2020-07-06 10:08:48","99.99","USD","5615","0.32"
"96","2019-10-30 14:53:10","29.99","EUR","2287","0.32"
"97","2019-09-11 03:53:35","99.99","EUR","148","0.32"
"98","2019-11-05 22:36:12","29.99","USD","7397","0.18"
"99","2020-01-12 22:00:40","59.99","EUR","2076","0.18"
"100","2020-11-15 06:56:14","59.99","EUR","5033","0.32"
"101","2020-01-21 08:31:40","99.99","EUR","197","0.18"
"102","2021-01-28 19:35:57","59.99","USD","3288","0.32"
"103","2020-02-22 21:14:56","99.99","USD","9362","0.32"
"104","2019-12-31 15:50:55","59.99","USD","8762","0.18"
"105","2019-07-19 12:57:01","59.99","EUR","5283","0.18"
"106","2021-02-12 21:59:01","29.99","USD","1691","0.18"
"107","2021-02-13 04:27:20","29.99","EUR","7860","0.32"
"108","2021-05-06 23:46:47","29.99","USD","3914","0.18"
"109","2020-03-05 14:39:07","99.99","USD","3700","0.32"
"110","2020-12-10 11:17:03","99.99","USD","6711","0.18"
"111","2019-07-27 01:31:18","29.99","USD","6336","0.18"
"112","2020-10-27 08:15:10","29.99","USD","4470","0.32"
"113","2021-05-01 10:19:03","59.99","EUR","7858","0.32"
"114","2019-08-24 19:41:54","29.99","USD","4527","0.32"
"115","2019-11-27 08:24:13","29.99","USD","2586","0.18"
"116","2019-07-30 15:09:48","99.99","EUR","9226","0.18"
"117","2020-01-21 17:25:39","99.99","USD","1632","0.18"
"118","2020-03-16 19:31:31","29.99","EUR","8039","0.18"
"119","2021-04-25 21:17:11","99.99","USD","6528","0.18"
"120","2020-06-05 11:00:14","99.99","EUR","1906","0.18"
"121","2020-04-27 19:45:19","99.99","EUR","993","0.32"
"122","2020-01-04 22:38:57","29.99","USD","7951","0.18"
"123","2019-07-10 12:35:39","29.99","EUR","2986","0.32"
"124","2020-02-16 13:47:53","59.99","EUR","74","0.18"
"125","2020-02-15 09:09:53","99.99","USD","1890","0.32"
"126","2021-03-22 15:06:23","99.99","USD","8959","0.18"
"127","2019-07-21 23:08:37","29.99","USD","1272","0.32"
"128","2021-03-05 10:11:58","29.99","EUR","3412","0.32"
"129","2020-05-26 00:01:17","59.99","USD","1198","0.18"
"130","2020-12-26 22:05:49","29.99","USD","4961","0.32"
"131","2019-08-10 17:40:23","29.99","USD","9240","0.32"
"132","2020-02-18 19:03:01","59.99","EUR","8947","0.18"
"133","2020-08-28 20:32:23","99.99","EUR","4247","0.18"
"134","2021-01-17 13:47:06","99.99","USD","3069","0.18"
"135","2020-07-05 11:03:37","29.99","EUR","3826","0.18"
"136","2020-05-31 07:45:22","59.99","EUR","2182","0.32"
"137","2021-04-28 14:47:02","99.99","EUR","4241","0.18"
"138","2020-09-29 06:53:54","59.99","USD","6044","0.18"
"139","2021-02-08 16:26:45","99.99","EUR","589","0.18"
"140","2020-03-13 17:36:28","59.99","USD","6248","0.18"
"141","2020-09-03 15:42:23","99.99","EUR","9245","0.32"
"142","2021-02-09 18:37:36","59.99","USD","1271","0.32"
"143","2021-01-20 09:29:19","99.99","USD","9594","0.18"
"144","2020-09-12 17:15:19","29.99","EUR","3433","0.18"
"145","2020-03-18 12:12:34","59.99","USD","658","0.32"
"146","2019-07-24 22:04:51","59.99","USD","9667","0.18"
"147","2021-02-03 00:43:27","29.99","USD","6198","0.18"
"148","2020-08-14 01:35:59","99.99","EUR","4055","0.18"
"149","2020-09-07 13:43:17","59.99","USD","7563","0.32"
"150","2021-02-06 01:05:15","29.99","EUR","4311","0.18"
"151","2021-02-17 01:29:50","99.99","EUR","5768","0.18"
"152","2020-03-08 20:03:34","29.99","EUR","4586","0.32"
"153","2021-03-23 02:58:28","59.99","EUR","2695","0.18"
"154","2019-10-24 05:01:45","99.99","EUR","3079","0.32"
"155","2020-10-16 03:03:26","29.99","EUR","5471","0.32"
"156","2019-07-11 13:24:45","29.99","EUR","3051","0.32"
"157","2021-04-14 00:54:28","59.99","USD","3234","0.32"
"158","2019-11-29 17:30:41","59.99","EUR","2666","0.32"
"159","2019-05-24 22:50:59","29.99","USD","9438","0.18"
"160","2019-10-11 05:26:07","59.99","EUR","6920","0.18"
"161","2021-05-08 04:04:38","99.99","EUR","5507","0.18"
"162","2020-12-04 04:34:29","59.99","EUR","9340","0.32"
"163","2020-05-26 15:27:44","99.99","EUR","2338","0.18"
"164","2021-02-08 14:15:10","59.99","EUR","8009","0.18"
"165","2020-06-09 02:01:26","59.99","EUR","9047","0.32"
"166","2020-08-13 01:13:56","99.99","USD","2318","0.32"
"167","2019-11-11 13:23:44","99.99","USD","5507","0.32"
"168","2019-08-22 06:01:43","99.99","USD","8344","0.18"
"169","2020-01-17 02:38:53","29.99","USD","5455","0.18"
"170","2020-02-21 19:08:52","99.99","EUR","8861","0.32"
"171","2020-07-19 10:28:50","59.99","EUR","7891","0.18"
"172","2020-07-18 01:30:19","29.99","EUR","4102","0.32"
"173","2020-02-18 08:30:34","29.99","USD","562","0.18"
"174","2020-08-10 12:52:00","59.99","EUR","9181","0.32"
"175","2019-05-20 08:17:45","99.99","USD","4823","0.32"
"176","2021-04-09 05:16:45","99.99","USD","9194","0.32"
"177","2020-02-03 11:59:13","29.99","USD","4604","0.18"
"178","2021-02-02 05:45:45","29.99","USD","6390","0.32"
"179","2019-09-15 19:51:43","99.99","USD","3929","0.18"
"180","2021-04-08 13:40:06","59.99","USD","6608","0.32"
"181","2019-08-24 07:44:27","29.99","EUR","9724","0.32"
"182","2019-07-24 09:36:45","29.99","USD","8328","0.32"
"183","2020-02-04 10:51:31","99.99","USD","4123","0.32"
"184","2020-11-23 21:06:13","99.99","EUR","56","0.32"
"185","2019-10-17 00:26:16","59.99","EUR","879","0.18"
"186","2020-12-27 00:45:28","29.99","USD","6956","0.18"
"187","2020-11-01 20:20:34","29.99","EUR","6965","0.18"
"188","2019-05-23 11:03:32","29.99","USD","8097","0.32"
"189","2020-12-04 15:34:57","29.99","USD","6838","0.32"
"190","2021-02-07 09:08:05","59.99","USD","2352","0.18"
"191","2020-11-29 17:54:14","29.99","EUR","2018","0.32"
"192","2020-03-31 11:28:16","29.99","USD","9771","0.32"
"193","2020-09-05 21:30:39","29.99","USD","6217","0.32"
"194","2020-11-05 21:38:21","29.99","EUR","3112","0.18"
"195","2021-04-09 02:53:30","99.99","EUR","4579","0.18"
"196","2019-07-05 11:18:55","59.99","USD","5232","0.32"
"197","2021-02-27 02:33:37","29.99","USD","7792","0.18"
"198","2021-02-04 22:12:21","59.99","USD","8959","0.32"
"199","2020-06-10 08:15:08","29.99","EUR","4079","0.18"
"200","2021-01-19 05:40:17","99.99","USD","8140","0.18"
"201","2019-12-13 22:06:01","29.99","EUR","4110","0.18"
"202","2020-08-03 09:59:00","99.99","EUR","9394","0.32"
"203","2020-03-30 05:03:04","99.99","EUR","1199","0.32"
"204","2020-03-27 22:59:11","29.99","EUR","410","0.18"
"205","2021-02-26 06:05:32","99.99","EUR","3077","0.32"
"206","2019-12-27 05:20:15","29.99","EUR","1338","0.18"
"207","2020-11-21 16:27:44","59.99","EUR","2306","0.32"
"208","2020-09-09 05:07:24","59.99","USD","8862","0.18"
"209","2020-02-11 11:32:22","99.99","USD","972","0.18"
"210","2020-07-17 20:09:26","99.99","USD","8203","0.18"
"211","2020-02-03 03:31:44","29.99","USD","2641","0.32"
"212","2020-01-11 01:56:37","59.99","USD","7730","0.32"
"213","2021-03-19 22:31:27","29.99","USD","9533","0.32"
"214","2020-05-15 15:50:00","99.99","EUR","5527","0.32"
"215","2020-04-01 12:38:08","99.99","EUR","8161","0.18"
"216","2020-04-02 22:37:09","99.99","EUR","1179","0.18"
"217","2020-05-02 02:37:00","29.99","EUR","1599","0.18"
"218","2021-03-21 03:01:49","29.99","USD","79","0.32"
"219","2019-07-11 08:51:34","29.99","USD","6297","0.18"
"220","2019-08-17 13:11:12","59.99","EUR","9534","0.18"
"221","2020-01-31 20:22:24","29.99","USD","1481","0.32"
"222","2019-07-09 13:48:54","59.99","USD","8368","0.32"
"223","2020-09-24 15:18:36","59.99","EUR","1174","0.18"
"224","2020-06-09 09:03:41","99.99","USD","590","0.18"
"225","2019-07-01 16:23:08","99.99","EUR","3723","0.32"
"226","2020-07-11 17:53:39","59.99","EUR","1409","0.18"
"227","2020-09-26 23:09:08","29.99","USD","8398","0.18"
"228","2019-06-07 16:18:20","29.99","USD","984","0.18"
"229","2021-05-03 11:22:42","59.99","USD","2562","0.18"
"230","2020-04-24 08:53:19","59.99","EUR","7427","0.32"
"231","2019-09-23 16:49:10","59.99","EUR","1234","0.18"
"232","2019-08-22 15:37:10","99.99","EUR","5117","0.18"
"233","2020-02-17 19:27:08","59.99","EUR","5886","0.32"
"234","2019-10-11 05:25:54","59.99","EUR","3669","0.32"
"235","2019-07-19 03:22:35","99.99","USD","575","0.18"
"236","2021-01-04 10:05:58","99.99","USD","4666","0.18"
"237","2019-07-14 23:52:48","99.99","EUR","479","0.18"
"238","2019-05-29 00:07:21","59.99","EUR","2339","0.32"
"239","2019-07-31 18:17:18","29.99","USD","5489","0.32"
"240","2019-10-22 06:55:36","59.99","USD","1317","0.32"
"241","2019-09-06 11:31:15","29.99","USD","8007","0.18"
"242","2020-05-27 07:07:33","99.99","USD","9512","0.18"
"243","2021-01-19 22:50:53","99.99","EUR","4442","0.18"
"244","2021-02-10 13:14:40","99.99","EUR","864","0.18"
"245","2021-01-11 14:58:51","59.99","EUR","1962","0.18"
"246","2019-06-11 17:51:00","99.99","EUR","9397","0.18"
"247","2020-06-17 11:26:48","59.99","EUR","8175","0.32"
"248","2019-08-19 12:33:43","59.99","EUR","871","0.32"
"249","2020-06-13 21:51:39","99.99","USD","6862","0.32"
"250","2020-06-06 21:33:00","99.99","EUR","5104","0.32"
"251","2021-02-01 06:37:57","29.99","USD","5795","0.32"
"252","2020-07-19 09:51:50","99.99","USD","5562","0.18"
"253","2020-07-06 15:43:18","59.99","USD","1114","0.18"
"254","2020-03-29 07:03:44","99.99","EUR","1087","0.18"
"255","2021-01-12 09:56:09","99.99","EUR","2257","0.32"
"256","2021-04-21 18:58:35","59.99","EUR","6125","0.32"
"257","2020-04-19 15:55:47","29.99","USD","3943","0.32"
"258","2020-06-14 08:24:34","59.99","USD","8163","0.32"
"259","2019-08-18 22:45:20","99.99","EUR","8327","0.32"
"260","2020-03-12 17:32:51","29.99","USD","8209","0.18"
"261","2021-04-28 11:21:27","59.99","EUR","704","0.32"
"262","2020-07-05 21:29:35","29.99","USD","3035","0.18"
"263","2019-10-26 22:38:36","59.99","USD","57","0.32"
"264","2020-04-27 17:01:49","59.99","USD","668","0.18"
"265","2020-07-30 21:27:55","99.99","EUR","5276","0.18"
"266","2020-08-23 01:43:40","99.99","EUR","1218","0.32"
"267","2020-10-19 18:49:50","59.99","USD","5217","0.32"
"268","2020-06-01 10:34:56","29.99","USD","7837","0.32"
"269","2019-07-07 12:04:59","99.99","EUR","2486","0.32"
"270","2020-02-21 00:07:40","29.99","EUR","7825","0.32"
"271","2020-07-09 05:32:10","59.99","USD","9544","0.18"
"272","2019-06-30 06:02:56","99.99","EUR","6542","0.18"
"273","2019-11-14 14:41:58","99.99","USD","5935","0.32"
"274","2020-04-19 12:12:41","29.99","USD","6588","0.32"
"275","2020-04-03 18:53:28","59.99","EUR","2060","0.18"
"276","2019-07-14 12:58:10","59.99","EUR","6846","0.32"
"277","2019-05-29 07:09:48","99.99","EUR","2457","0.32"
"278","2020-07-06 08:42:25","59.99","USD","2","0.32"
"279","2019-11-08 00:07:25","99.99","EUR","8142","0.32"
"280","2020-04-23 17:17:09","29.99","EUR","2443","0.32"
"281","2020-08-09 14:06:47","59.99","USD","2276","0.18"
"282","2019-07-08 08:39:42","99.99","USD","491","0.18"
"283","2020-02-17 20:41:12","29.99","USD","2643","0.18"
"284","2020-07-18 17:50:32","29.99","USD","5398","0.32"
"285","2020-04-24 05:10:03","59.99","EUR","8667","0.18"
"286","2020-10-22 03:48:44","99.99","EUR","2685","0.18"
"287","2019-12-11 20:53:37","99.99","EUR","1025","0.18"
"288","2020-12-02 01:44:09","59.99","USD","8765","0.18"
"289","2020-01-09 03:19:20","59.99","EUR","2182","0.32"
"290","2019-12-31 09:59:28","59.99","EUR","6742","0.18"
"291","2020-09-27 01:19:34","29.99","USD","4189","0.18"
"292","2019-07-12 04:15:10","99.99","EUR","5469","0.32"
"293","2019-08-29 07:57:40","59.99","EUR","382","0.32"
"294","2019-06-11 04:25:14","99.99","EUR","1646","0.18"
"295","2019-09-29 07:49:36","29.99","EUR","7162","0.18"
"296","2019-07-03 08:47:20","99.99","EUR","1228","0.18"
"297","2021-01-13 01:10:37","99.99","EUR","8017","0.32"
"298","2020-04-14 00:15:56","29.99","USD","7561","0.32"
"299","2019-10-10 08:55:26","59.99","EUR","1575","0.32"
"300","2019-06-05 00:07:22","59.99","EUR","3177","0.18"
"301","2019-11-30 06:09:48","59.99","EUR","1825","0.32"
"302","2020-04-27 19:12:37","99.99","USD","6130","0.18"
"303","2020-09-22 06:03:02","29.99","EUR","9253","0.18"
"304","2021-05-01 01:16:12","29.99","USD","3294","0.18"
"305","2021-01-14 13:22:57","59.99","USD","6958","0.32"
"306","2019-12-01 10:14:25","59.99","EUR","6922","0.32"
"307","2019-06-05 13:15:26","29.99","EUR","4347","0.32"
"308","2020-11-10 14:27:56","29.99","USD","8667","0.32"
"309","2020-09-13 15:03:44","59.99","USD","2370","0.32"
"310","2020-07-03 12:15:31","99.99","EUR","470","0.18"
"311","2019-09-21 15:13:06","59.99","EUR","7877","0.32"
"312","2019-09-26 16:52:07","29.99","USD","6475","0.32"
"313","2019-08-13 23:42:31","59.99","USD","942","0.32"
"314","2020-04-16 22:35:49","59.99","EUR","7196","0.18"
"315","2019-08-14 02:51:22","99.99","USD","942","0.18"
"316","2019-05-28 06:05:44","99.99","USD","6024","0.18"
"317","2019-05-25 06:00:12","59.99","USD","1580","0.32"
"318","2020-04-18 06:03:39","29.99","USD","3333","0.32"
"319","2019-12-22 03:21:45","29.99","EUR","315","0.32"
"320","2019-08-02 18:22:48","29.99","EUR","6735","0.18"
"321","2020-01-29 08:25:30","99.99","EUR","1434","0.32"
"322","2019-08-13 03:48:09","99.99","EUR","4349","0.18"
"323","2019-12-09 21:21:54","99.99","EUR","6382","0.18"
"324","2020-05-04 04:59:59","59.99","USD","6485","0.32"
"325","2021-04-26 22:41:56","99.99","USD","6277","0.18"
"326","2020-02-27 22:43:57","99.99","USD","848","0.18"
"327","2020-06-23 08:48:01","29.99","EUR","7355","0.32"
"328","2019-10-05 19:03:13","29.99","USD","5594","0.32"
"329","2019-12-04 07:45:16","99.99","EUR","3038","0.32"
"330","2019-09-11 22:38:18","59.99","USD","5321","0.32"
"331","2020-10-27 22:12:34","59.99","USD","6144","0.32"
"332","2019-12-20 02:16:25","59.99","EUR","391","0.18"
"333","2019-05-25 16:36:32","59.99","USD","7015","0.32"
"334","2019-10-31 14:28:17","59.99","EUR","6082","0.18"
"335","2020-11-01 15:21:13","59.99","EUR","7130","0.32"
"336","2020-01-09 07:01:08","29.99","USD","9738","0.32"
"337","2020-04-12 06:27:11","99.99","EUR","5250","0.18"
"338","2019-06-03 03:14:42","99.99","EUR","9232","0.18"
"339","2020-10-29 20:28:53","99.99","USD","8899","0.32"
"340","2020-05-23 20:00:50","59.99","EUR","801","0.18"
"341","2019-08-02 12:26:25","99.99","EUR","3107","0.32"
"342","2021-04-02 03:36:42","59.99","USD","7531","0.32"
"343","2019-07-13 11:42:00","59.99","EUR","5029","0.32"
"344","2019-11-17 22:09:17","99.99","USD","4256","0.32"
"345","2019-06-26 09:41:47","59.99","EUR","5226","0.18"
"346","2020-04-17 11:10:32","59.99","USD","5752","0.32"
"347","2020-04-04 20:54:52","59.99","EUR","4274","0.32"
"348","2020-04-24 07:29:06","99.99","EUR","5116","0.18"
"349","2019-12-10 06:20:50","59.99","USD","2502","0.18"
"350","2019-11-21 19:46:53","29.99","USD","5839","0.18"
"351","2019-07-13 06:04:51","99.99","USD","6170","0.18"
"352","2019-08-11 00:21:54","59.99","EUR","1984","0.32"
"353","2019-12-20 20:18:38","29.99","EUR","9230","0.18"
"354","2020-10-10 03:29:45","29.99","USD","2146","0.32"
"355","2020-07-01 13:17:31","99.99","USD","1392","0.18"
"356","2020-05-16 15:45:36","99.99","EUR","3335","0.18"
"357","2019-12-25 01:57:47","99.99","USD","7396","0.32"
"358","2020-11-27 10:45:24","29.99","USD","1622","0.18"
"359","2020-03-07 15:02:50","29.99","EUR","7404","0.32"
"360","2021-03-11 06:30:41","59.99","USD","8495","0.18"
"361","2020-11-25 05:42:06","99.99","USD","4098","0.18"
"362","2020-04-19 00:18:46","29.99","USD","6105","0.32"
"363","2020-06-03 20:07:48","29.99","USD","4918","0.32"
"364","2019-10-15 04:47:47","99.99","USD","1857","0.32"
"365","2019-07-16 19:56:10","59.99","USD","7479","0.32"
"366","2020-11-24 01:52:53","59.99","EUR","2123","0.32"
"367","2019-07-23 03:37:06","99.99","USD","440","0.18"
"368","2020-12-30 21:55:59","99.99","USD","933","0.18"
"369","2021-03-12 15:24:09","59.99","EUR","6102","0.32"
"370","2019-09-25 11:23:01","29.99","USD","5697","0.32"
"371","2020-03-14 19:45:35","59.99","USD","5745","0.32"
"372","2020-02-22 17:47:24","99.99","EUR","1442","0.18"
"373","2020-10-30 03:35:47","29.99","USD","9570","0.18"
"374","2019-05-19 08:30:04","59.99","EUR","2580","0.32"
"375","2019-10-28 05:52:34","59.99","EUR","1241","0.32"
"376","2020-06-21 09:45:10","59.99","EUR","5828","0.18"
"377","2020-04-03 08:46:20","99.99","USD","5034","0.32"
"378","2020-12-15 13:18:00","59.99","EUR","6296","0.18"
"379","2020-08-06 03:47:10","59.99","USD","9052","0.32"
"380","2020-09-03 18:41:27","59.99","USD","9287","0.32"
"381","2020-04-22 13:04:32","99.99","EUR","4156","0.18"
"382","2021-01-24 20:23:10","29.99","USD","7407","0.32"
"383","2021-02-19 18:56:51","59.99","EUR","9914","0.18"
"384","2020-05-15 15:14:36","29.99","USD","8106","0.18"
"385","2019-05-27 03:26:57","29.99","USD","8504","0.32"
"386","2019-10-30 01:43:00","59.99","EUR","2170","0.18"
"387","2019-07-15 08:05:05","29.99","USD","4271","0.32"
"388","2020-07-08 00:34:47","29.99","EUR","7598","0.32"
"389","2020-10-29 18:05:38","29.99","EUR","5436","0.32"
"390","2020-09-10 06:53:01","99.99","EUR","7140","0.18"
"391","2021-03-06 08:13:31","99.99","USD","310","0.18"
"392","2019-09-10 13:20:19","59.99","USD","5104","0.32"
"393","2020-01-16 08:47:22","99.99","EUR","5463","0.32"
"394","2020-08-15 03:41:11","99.99","USD","9296","0.18"
"395","2020-02-15 05:42:28","29.99","EUR","2307","0.18"
"396","2020-05-04 03:12:15","29.99","EUR","4767","0.32"
"397","2019-10-05 21:36:11","99.99","EUR","13","0.18"
"398","2020-03-04 20:22:18","99.99","EUR","3460","0.32"
"399","2021-04-24 00:50:39","99.99","USD","5010","0.18"
"400","2020-05-26 18:50:51","99.99","USD","253","0.18"
"401","2020-05-12 20:38:40","99.99","USD","3248","0.32"
"402","2020-02-22 19:42:28","99.99","USD","4260","0.18"
"403","2020-12-22 19:47:58","59.99","USD","8786","0.18"
"404","2020-02-21 21:06:51","99.99","USD","8426","0.32"
"405","2020-08-13 12:09:32","29.99","EUR","3564","0.18"
"406","2020-09-15 03:18:02","99.99","EUR","8260","0.32"
"407","2020-01-18 11:28:16","99.99","EUR","5598","0.32"
"408","2019-09-23 04:55:32","29.99","USD","7274","0.18"
"409","2020-05-16 21:29:59","59.99","EUR","8068","0.32"
"410","2021-04-10 14:30:07","99.99","USD","4500","0.32"
"411","2019-05-17 15:57:39","59.99","EUR","1900","0.18"
"412","2020-11-09 19:03:51","59.99","EUR","6123","0.18"
"413","2019-12-27 12:23:07","99.99","USD","6853","0.18"
"414","2021-02-01 07:26:21","99.99","USD","3638","0.32"
"415","2020-10-27 11:31:30","99.99","USD","5468","0.18"
"416","2020-06-08 19:28:47","29.99","USD","3916","0.18"
"417","2019-05-26 01:03:47","59.99","USD","7555","0.18"
"418","2020-10-26 07:12:16","59.99","EUR","8782","0.32"
"419","2020-10-03 17:33:19","59.99","USD","2682","0.18"
"420","2021-04-23 09:23:10","59.99","USD","6658","0.18"
"421","2020-12-17 00:28:30","59.99","EUR","5145","0.32"
"422","2020-11-01 08:42:36","29.99","EUR","4331","0.18"
"423","2021-03-19 19:08:09","29.99","USD","1990","0.18"
"424","2021-03-09 20:36:21","29.99","EUR","8478","0.18"
"425","2021-03-15 11:39:55","99.99","EUR","1015","0.18"
"426","2019-11-27 19:40:51","99.99","EUR","7468","0.32"
"427","2019-10-21 11:53:29","59.99","USD","7354","0.18"
"428","2019-06-23 10:48:34","29.99","USD","2672","0.32"
"429","2020-09-12 21:06:42","59.99","USD","1213","0.32"
"430","2021-04-07 20:48:47","29.99","USD","7187","0.32"
"431","2019-05-31 18:34:22","29.99","EUR","480","0.18"
"432","2021-01-14 08:49:45","29.99","USD","135","0.32"
"433","2020-09-20 13:23:26","29.99","USD","7847","0.32"
"434","2020-01-02 17:34:13","99.99","USD","4490","0.18"
"435","2021-04-14 11:23:28","99.99","USD","1312","0.18"
"436","2020-03-20 20:44:29","99.99","USD","451","0.32"
"437","2020-11-28 11:38:22","29.99","EUR","2869","0.18"
"438","2021-04-28 16:07:14","99.99","EUR","6459","0.18"
"439","2021-04-01 03:42:40","29.99","USD","7032","0.32"
"440","2019-07-30 12:12:37","29.99","USD","6519","0.32"
"441","2020-07-31 10:58:11","99.99","EUR","1521","0.18"
"442","2021-03-21 15:15:23","99.99","EUR","5822","0.18"
"443","2021-01-05 18:24:48","59.99","USD","3513","0.18"
"444","2019-11-02 15:45:22","29.99","USD","4223","0.18"
"445","2019-11-12 02:19:35","59.99","USD","2293","0.18"
"446","2021-01-27 03:50:41","99.99","USD","4875","0.18"
"447","2019-12-19 08:10:27","99.99","EUR","332","0.18"
"448","2019-06-21 10:10:30","29.99","USD","4966","0.18"
"449","2019-07-21 15:53:41","99.99","EUR","5376","0.32"
"450","2020-03-02 23:15:52","59.99","USD","98","0.32"
"451","2019-08-24 15:45:44","59.99","USD","6305","0.18"
"452","2019-09-08 07:47:42","99.99","USD","7373","0.32"
"453","2021-01-06 13:09:37","29.99","USD","8803","0.32"
"454","2020-07-14 14:09:33","59.99","USD","2980","0.32"
"455","2019-08-02 22:54:42","99.99","USD","7185","0.18"
"456","2020-01-11 12:52:08","99.99","EUR","1091","0.32"
"457","2021-01-03 09:00:22","29.99","USD","2190","0.32"
"458","2020-07-15 06:25:13","59.99","EUR","5195","0.32"
"459","2019-12-06 20:10:41","29.99","EUR","9325","0.18"
"460","2020-10-25 16:23:20","29.99","EUR","9081","0.18"
"461","2021-02-28 04:50:49","59.99","USD","2583","0.18"
"462","2020-11-28 20:31:34","59.99","USD","9439","0.18"
"463","2019-06-15 19:54:08","59.99","EUR","5355","0.18"
"464","2021-04-19 02:42:59","59.99","USD","9738","0.32"
"465","2020-08-03 22:47:34","99.99","EUR","5165","0.18"
"466","2020-10-11 09:07:56","99.99","USD","5957","0.32"
"467","2019-11-10 16:25:21","59.99","USD","236","0.18"
"468","2020-05-07 04:42:30","59.99","EUR","5545","0.32"
"469","2021-01-17 15:15:31","29.99","USD","484","0.18"
"470","2019-06-01 15:14:49","59.99","EUR","3753","0.18"
"471","2020-12-16 16:09:52","29.99","USD","2618","0.18"
"472","2020-06-05 01:04:19","59.99","EUR","1187","0.32"
"473","2021-02-03 02:34:04","29.99","EUR","4932","0.32"
"474","2020-11-11 01:00:36","59.99","USD","4856","0.18"
"475","2021-05-04 05:33:41","99.99","EUR","7474","0.32"
"476","2020-06-22 22:01:42","59.99","EUR","4440","0.32"
"477","2020-05-12 07:16:51","99.99","USD","2581","0.18"
"478","2019-09-14 23:40:47","59.99","EUR","2886","0.32"
"479","2020-10-28 10:36:50","99.99","EUR","5955","0.18"
"480","2020-07-08 21:17:13","29.99","EUR","2460","0.18"
"481","2019-08-20 03:06:00","29.99","EUR","9244","0.18"
"482","2019-06-03 07:00:52","29.99","EUR","7483","0.32"
"483","2020-03-06 16:06:22","99.99","EUR","4688","0.32"
"484","2019-09-28 05:46:11","99.99","USD","5367","0.18"
"485","2020-01-08 00:46:20","29.99","USD","2051","0.32"
"486","2020-01-29 18:05:14","59.99","EUR","2745","0.32"
"487","2019-08-29 19:30:03","29.99","USD","3065","0.32"
"488","2020-05-22 03:11:31","99.99","EUR","6001","0.18"
"489","2021-04-25 07:30:20","99.99","EUR","4699","0.32"
"490","2020-02-26 09:30:27","99.99","EUR","6999","0.18"
"491","2020-09-18 13:46:18","59.99","EUR","1877","0.32"
"492","2019-12-01 06:04:32","29.99","USD","5612","0.18"
"493","2020-07-01 23:31:42","59.99","EUR","9520","0.18"
"494","2021-05-10 03:47:50","59.99","EUR","2877","0.32"
"495","2019-11-29 02:06:04","29.99","USD","7686","0.18"
"496","2019-08-01 01:18:05","99.99","USD","2306","0.18"
"497","2020-09-06 00:26:20","29.99","USD","1715","0.18"
"498","2019-09-16 08:04:27","59.99","EUR","4522","0.18"
"499","2020-11-03 16:34:40","59.99","USD","5137","0.32"
"500","2020-12-14 09:42:56","59.99","USD","7603","0.18"
"501","2021-03-10 14:01:38","99.99","EUR","7296","0.18"
"502","2020-01-17 02:37:40","99.99","EUR","3111","0.32"
"503","2021-03-19 15:26:54","59.99","EUR","7612","0.18"
"504","2021-03-13 03:33:53","29.99","EUR","4880","0.18"
"505","2021-03-11 09:15:39","99.99","EUR","5839","0.18"
"506","2021-03-01 19:04:25","59.99","USD","7472","0.32"
"507","2021-03-30 19:44:58","59.99","EUR","2303","0.18"
"508","2020-06-08 21:09:07","59.99","EUR","8897","0.32"
"509","2020-02-07 19:52:04","59.99","EUR","8759","0.32"
"510","2020-09-18 00:30:02","29.99","USD","3828","0.32"
"511","2020-09-24 14:52:38","59.99","EUR","8125","0.18"
"512","2020-03-04 17:46:51","29.99","USD","5317","0.18"
"513","2019-07-24 00:54:43","59.99","USD","7554","0.18"
"514","2020-12-15 18:03:42","59.99","USD","6628","0.32"
"515","2021-02-27 22:19:32","59.99","USD","8362","0.18"
"516","2020-09-11 06:01:33","59.99","EUR","2438","0.18"
"517","2021-01-23 08:04:32","59.99","EUR","9569","0.32"
"518","2020-02-25 00:42:53","59.99","EUR","1828","0.32"
"519","2021-04-25 16:03:59","99.99","USD","7977","0.18"
"520","2019-12-13 02:58:02","59.99","USD","6936","0.18"
"521","2019-05-18 17:02:51","99.99","EUR","716","0.32"
"522","2019-11-14 02:34:21","99.99","EUR","8355","0.32"
"523","2020-12-20 11:32:43","99.99","USD","6188","0.32"
"524","2019-07-22 04:45:03","99.99","USD","7482","0.18"
"525","2021-02-09 04:23:53","29.99","USD","8702","0.18"
"526","2019-11-07 08:33:18","29.99","EUR","2866","0.18"
"527","2019-05-22 19:24:03","59.99","EUR","9325","0.32"
"528","2020-09-20 06:33:09","99.99","EUR","1000","0.32"
"529","2019-10-07 06:06:07","29.99","EUR","1780","0.32"
"530","2019-08-05 23:16:30","99.99","USD","8232","0.32"
"531","2019-12-14 02:27:32","99.99","EUR","5422","0.32"
"532","2020-03-16 19:41:13","99.99","USD","609","0.18"
"533","2021-02-03 21:59:52","59.99","EUR","1075","0.18"
"534","2019-12-08 00:24:00","59.99","EUR","7015","0.18"
"535","2019-07-20 21:39:50","59.99","EUR","652","0.32"
"536","2021-01-26 22:31:48","29.99","EUR","7789","0.18"
"537","2019-10-07 16:33:59","29.99","USD","8102","0.18"
"538","2019-07-27 04:25:08","29.99","EUR","6306","0.32"
"539","2019-09-12 07:04:53","99.99","EUR","9744","0.32"
"540","2019-09-12 04:03:43","29.99","EUR","4985","0.32"
"541","2019-11-19 23:04:39","59.99","EUR","2738","0.32"
"542","2019-11-04 16:35:40","29.99","EUR","5630","0.18"
"543","2020-01-11 03:30:42","29.99","USD","7758","0.18"
"544","2019-05-15 02:31:20","99.99","USD","584","0.18"
"545","2020-08-29 10:58:27","59.99","USD","420","0.32"
"546","2020-08-09 15:23:01","29.99","USD","4614","0.18"
"547","2020-06-15 04:33:25","59.99","USD","1477","0.32"
"548","2020-06-07 05:40:34","29.99","USD","7327","0.32"
"549","2021-01-28 23:23:31","99.99","USD","5644","0.32"
"550","2020-11-19 09:15:16","29.99","USD","9184","0.18"
"551","2020-10-06 15:26:19","29.99","EUR","117","0.18"
"552","2020-08-30 23:59:18","59.99","USD","2391","0.32"
"553","2020-03-25 09:28:39","29.99","USD","6609","0.18"
"554","2020-02-02 05:37:15","59.99","EUR","1482","0.32"
"555","2021-02-19 21:39:55","59.99","EUR","7568","0.18"
"556","2020-06-30 01:34:46","99.99","EUR","1357","0.32"
"557","2020-06-08 01:15:10","59.99","EUR","6893","0.32"
"558","2021-04-17 01:45:23","99.99","EUR","3527","0.18"
"559","2019-08-25 04:25:28","29.99","USD","4672","0.18"
"560","2020-01-10 02:27:26","99.99","EUR","8518","0.18"
"561","2019-12-03 06:51:34","99.99","EUR","9269","0.18"
"562","2021-04-28 20:46:51","59.99","EUR","8436","0.32"
"563","2020-05-31 11:40:57","99.99","EUR","7527","0.18"
"564","2020-03-03 21:34:24","29.99","EUR","7596","0.32"
"565","2020-03-30 14:40:14","29.99","EUR","5327","0.18"
"566","2020-04-30 17:02:00","29.99","EUR","8251","0.18"
"567","2020-07-29 11:04:35","29.99","EUR","9541","0.32"
"568","2020-03-19 05:16:26","99.99","EUR","6738","0.18"
"569","2021-01-17 08:27:25","99.99","EUR","6007","0.32"
"570","2019-08-14 15:51:09","29.99","EUR","218","0.18"
"571","2020-05-10 12:35:36","99.99","USD","6387","0.18"
"572","2020-02-11 16:02:19","29.99","USD","8048","0.32"
"573","2020-04-07 11:18:15","29.99","USD","7175","0.32"
"574","2020-11-13 03:22:17","59.99","EUR","3940","0.18"
"575","2019-07-06 18:53:46","59.99","USD","7454","0.18"
"576","2021-03-03 22:11:41","59.99","USD","3354","0.18"
"577","2020-05-20 20:31:46","29.99","EUR","1518","0.18"
"578","2020-07-24 04:37:43","99.99","EUR","7331","0.18"
"579","2019-06-28 21:59:23","99.99","EUR","3390","0.18"
"580","2019-10-05 03:30:07","59.99","USD","1655","0.32"
"581","2020-08-11 11:20:15","99.99","EUR","3963","0.32"
"582","2019-11-07 05:49:23","99.99","EUR","1047","0.32"
"583","2020-10-01 02:53:54","29.99","EUR","5105","0.32"
"584","2020-06-09 13:25:24","99.99","EUR","3699","0.18"
"585","2020-09-06 19:09:49","29.99","USD","9455","0.32"
"586","2020-06-09 09:54:18","29.99","EUR","1754","0.18"
"587","2019-12-01 09:26:37","99.99","USD","6937","0.32"
"588","2020-07-21 07:40:51","59.99","EUR","7166","0.18"
"589","2019-06-30 18:52:55","59.99","EUR","4825","0.18"
"590","2019-09-07 22:20:23","29.99","EUR","5691","0.18"
"591","2020-06-26 19:44:10","59.99","USD","81","0.18"
"592","2021-01-15 08:10:48","29.99","EUR","7438","0.32"
"593","2019-11-27 08:15:08","29.99","EUR","543","0.32"
"594","2019-06-24 22:12:04","99.99","EUR","4874","0.32"
"595","2021-02-13 08:05:25","99.99","EUR","409","0.32"
"596","2020-10-12 02:47:42","29.99","EUR","7631","0.18"
"597","2021-03-10 09:46:16","99.99","EUR","8367","0.32"
"598","2021-02-02 22:53:30","29.99","USD","79","0.18"
"599","2019-07-04 14:11:13","59.99","EUR","1824","0.32"
"600","2021-03-12 17:28:17","99.99","EUR","7064","0.32"
"601","2020-12-26 21:15:46","99.99","USD","4791","0.32"
"602","2020-04-28 20:34:30","59.99","EUR","2507","0.32"
"603","2020-01-03 17:32:29","59.99","EUR","3239","0.18"
"604","2020-04-12 02:07:05","59.99","USD","3644","0.18"
"605","2021-05-06 13:33:38","29.99","EUR","2261","0.18"
"606","2020-05-04 06:35:13","99.99","USD","7347","0.18"
"607","2019-12-03 16:35:01","29.99","EUR","7487","0.32"
"608","2021-03-15 04:22:07","29.99","USD","2017","0.32"
"609","2020-07-19 13:05:25","99.99","EUR","9253","0.32"
"610","2019-07-25 14:57:03","59.99","EUR","569","0.18"
"611","2020-01-11 05:54:44","29.99","EUR","1982","0.18"
"612","2019-08-23 12:05:03","59.99","EUR","4584","0.18"
"613","2021-04-26 22:30:41","29.99","EUR","5799","0.18"
"614","2021-02-23 19:33:26","99.99","EUR","7141","0.32"
"615","2020-04-14 23:22:00","59.99","EUR","7738","0.18"
"616","2020-03-07 17:50:21","29.99","EUR","409","0.32"
"617","2020-05-15 16:40:59","59.99","EUR","3029","0.18"
"618","2021-01-25 17:34:19","29.99","EUR","6259","0.32"
"619","2020-12-11 04:36:43","59.99","USD","3148","0.18"
"620","2020-10-26 08:15:46","59.99","EUR","5943","0.18"
"621","2019-11-17 16:24:22","99.99","EUR","3662","0.18"
"622","2020-07-02 07:43:29","59.99","EUR","2683","0.18"
"623","2019-09-15 12:13:05","99.99","EUR","3996","0.18"
"624","2020-11-20 04:33:03","99.99","EUR","7716","0.32"
"625","2020-09-03 13:32:58","59.99","EUR","2338","0.32"
"626","2020-08-04 01:41:06","29.99","USD","696","0.18"
"627","2020-11-16 12:41:04","99.99","USD","2093","0.32"
"628","2021-01-17 02:09:35","29.99","USD","3107","0.18"
"629","2019-05-27 06:14:12","59.99","USD","5631","0.18"
"630","2019-11-14 02:37:24","29.99","EUR","4582","0.32"
"631","2020-03-28 08:57:49","99.99","USD","2546","0.18"
"632","2020-04-07 06:13:27","99.99","EUR","8493","0.18"
"633","2020-11-20 17:04:41","99.99","USD","601","0.18"
"634","2019-12-07 15:52:50","99.99","USD","4319","0.18"
"635","2020-01-02 18:54:16","59.99","USD","807","0.18"
"636","2019-05-15 04:22:53","29.99","USD","9804","0.18"
"637","2019-12-23 15:55:44","99.99","EUR","1866","0.32"
"638","2020-11-12 18:41:58","99.99","EUR","6312","0.18"
"639","2020-06-10 04:24:14","29.99","USD","8029","0.18"
"640","2020-08-27 19:22:21","59.99","EUR","1487","0.18"
"641","2020-05-28 22:56:32","59.99","USD","201","0.18"
"642","2019-11-16 12:27:55","59.99","EUR","2789","0.18"
"643","2019-09-05 02:40:51","99.99","EUR","9505","0.32"
"644","2021-02-03 19:41:49","29.99","USD","2893","0.18"
"645","2019-08-29 05:12:24","59.99","USD","1698","0.32"
"646","2020-11-29 11:43:24","29.99","EUR","9220","0.18"
"647","2021-02-03 15:48:27","59.99","USD","4850","0.32"
"648","2020-12-28 03:22:52","29.99","EUR","6466","0.18"
"649","2019-10-12 01:29:39","99.99","EUR","7101","0.32"
"650","2020-08-11 07:17:00","59.99","EUR","4951","0.18"
"651","2020-01-05 21:14:05","59.99","EUR","2739","0.18"
"652","2020-11-09 11:51:23","99.99","EUR","6494","0.32"
"653","2020-10-06 10:03:03","29.99","EUR","4738","0.18"
"654","2019-11-29 15:07:02","59.99","USD","7803","0.32"
"655","2020-10-03 07:56:15","59.99","EUR","5080","0.32"
"656","2020-07-01 23:15:56","29.99","USD","4914","0.18"
"657","2020-01-26 22:42:00","59.99","EUR","6360","0.32"
"658","2021-02-04 05:24:40","59.99","USD","731","0.18"
"659","2020-02-16 15:46:48","59.99","USD","309","0.18"
"660","2020-06-13 02:41:53","59.99","USD","3723","0.18"
"661","2020-02-03 23:51:15","29.99","EUR","4441","0.32"
"662","2021-03-14 17:01:28","29.99","USD","7502","0.32"
"663","2021-01-07 20:57:45","29.99","EUR","4464","0.18"
"664","2021-02-12 15:29:19","99.99","USD","9676","0.18"
"665","2019-07-06 08:45:15","29.99","EUR","2876","0.18"
"666","2020-05-07 02:43:16","99.99","EUR","3663","0.18"
"667","2020-01-31 07:44:33","29.99","USD","8290","0.32"
"668","2020-03-13 14:43:48","59.99","USD","5821","0.18"
"669","2020-08-11 18:16:50","29.99","EUR","6200","0.32"
"670","2019-12-15 09:00:22","99.99","EUR","5818","0.18"
"671","2021-02-07 22:11:50","59.99","EUR","4606","0.32"
"672","2020-05-10 09:20:07","59.99","EUR","834","0.32"
"673","2019-07-08 10:17:41","29.99","USD","8712","0.32"
"674","2019-07-19 21:28:06","29.99","USD","1404","0.32"
"675","2020-09-02 14:54:43","29.99","EUR","9960","0.32"
"676","2021-02-17 13:48:38","29.99","EUR","7498","0.18"
"677","2019-09-10 01:11:25","59.99","USD","3746","0.18"
"678","2019-11-20 11:09:23","29.99","USD","3530","0.32"
"679","2020-10-20 06:37:21","59.99","EUR","9630","0.18"
"680","2019-07-12 02:03:17","99.99","EUR","5763","0.18"
"681","2020-05-18 03:22:45","59.99","USD","4735","0.32"
"682","2019-08-29 06:42:01","99.99","EUR","6244","0.18"
"683","2019-09-28 21:47:38","29.99","USD","8234","0.32"
"684","2020-02-09 05:45:59","29.99","USD","7775","0.18"
"685","2019-10-29 13:58:27","99.99","EUR","7728","0.18"
"686","2020-01-26 23:28:29","59.99","USD","8258","0.32"
"687","2020-11-22 22:22:43","59.99","EUR","2912","0.18"
"688","2020-09-05 18:25:48","29.99","EUR","491","0.18"
"689","2019-06-21 17:29:27","59.99","EUR","9946","0.18"
"690","2020-01-31 11:06:31","59.99","EUR","3638","0.18"
"691","2019-08-11 20:32:28","99.99","EUR","2696","0.32"
"692","2019-10-30 06:59:01","59.99","USD","8827","0.18"
"693","2019-08-31 12:32:18","29.99","EUR","9612","0.18"
"694","2020-05-17 22:55:29","59.99","EUR","1489","0.18"
"695","2020-08-28 18:09:53","99.99","USD","2626","0.18"
"696","2020-06-11 19:43:11","99.99","USD","2793","0.32"
"697","2020-03-21 16:03:16","99.99","EUR","3563","0.32"
"698","2020-06-16 07:26:14","29.99","USD","7979","0.18"
"699","2019-06-20 03:40:16","99.99","USD","2045","0.32"
"700","2020-03-05 18:20:53","29.99","USD","4308","0.18"
"701","2020-05-07 07:46:13","29.99","USD","2252","0.18"
"702","2020-07-11 18:30:10","99.99","USD","13","0.18"
"703","2020-01-01 04:05:55","99.99","EUR","6189","0.18"
"704","2020-11-05 11:15:35","99.99","EUR","3427","0.32"
"705","2020-02-16 13:22:13","29.99","USD","3544","0.32"
"706","2019-11-10 11:13:16","59.99","EUR","5134","0.32"
"707","2020-11-10 12:53:11","99.99","EUR","8201","0.32"
"708","2020-01-08 10:09:35","29.99","USD","8212","0.32"
"709","2020-04-13 11:21:21","29.99","USD","5415","0.18"
"710","2019-05-15 12:41:09","99.99","EUR","3496","0.32"
"711","2020-11-17 18:32:38","29.99","EUR","6219","0.18"
"712","2019-06-08 00:25:46","99.99","EUR","6946","0.18"
"713","2020-03-17 02:43:05","29.99","USD","2244","0.18"
"714","2019-08-12 23:13:31","99.99","USD","3646","0.18"
"715","2021-01-25 19:13:48","59.99","USD","814","0.32"
"716","2020-11-28 21:56:42","29.99","USD","8951","0.32"
"717","2021-01-30 20:43:11","29.99","USD","6708","0.18"
"718","2020-11-15 17:14:11","99.99","USD","2830","0.18"
"719","2020-12-15 17:50:48","59.99","EUR","7332","0.18"
"720","2020-12-13 07:40:31","29.99","USD","6354","0.18"
"721","2020-06-11 17:53:17","99.99","EUR","3934","0.18"
"722","2019-06-23 03:30:40","29.99","EUR","9796","0.32"
"723","2019-08-17 18:58:45","29.99","USD","321","0.18"
"724","2020-10-27 19:15:32","59.99","USD","7304","0.32"
"725","2020-09-26 05:58:41","59.99","EUR","1760","0.32"
"726","2020-11-02 12:37:01","99.99","USD","602","0.32"
"727","2019-06-03 16:01:05","29.99","USD","5990","0.32"
"728","2019-09-14 05:14:04","99.99","USD","7963","0.18"
"729","2021-04-08 12:42:06","99.99","EUR","3599","0.32"
"730","2021-01-01 18:30:10","99.99","USD","8995","0.18"
"731","2020-11-29 15:50:57","99.99","EUR","3019","0.32"
"732","2021-02-10 10:49:44","59.99","EUR","3138","0.18"
"733","2020-09-16 18:41:43","59.99","USD","753","0.18"
"734","2021-04-26 08:39:29","59.99","EUR","3855","0.18"
"735","2020-02-10 11:21:21","29.99","USD","6338","0.18"
"736","2020-03-29 20:50:26","29.99","EUR","2791","0.32"
"737","2019-08-28 03:07:32","99.99","USD","2796","0.18"
"738","2019-10-02 05:08:41","59.99","EUR","2885","0.18"
"739","2020-08-19 00:34:59","29.99","EUR","5358","0.18"
"740","2019-10-18 11:40:38","99.99","USD","2157","0.18"
"741","2019-09-23 19:40:05","29.99","USD","2231","0.32"
"742","2019-05-24 08:34:34","29.99","USD","5828","0.18"
"743","2019-09-11 08:45:23","29.99","USD","4426","0.32"
"744","2020-06-07 21:35:31","59.99","USD","7532","0.18"
"745","2020-06-18 16:17:20","59.99","EUR","359","0.32"
"746","2021-02-03 19:16:09","29.99","USD","7494","0.32"
"747","2020-02-26 01:39:55","59.99","EUR","1942","0.18"
"748","2020-04-22 07:09:16","99.99","USD","8956","0.32"
"749","2020-06-23 21:06:01","59.99","USD","5083","0.18"
"750","2020-02-26 10:18:36","29.99","EUR","8455","0.18"
"751","2019-08-24 05:26:57","59.99","EUR","5103","0.32"
"752","2020-06-30 03:38:24","29.99","EUR","6473","0.18"
"753","2020-12-31 09:46:06","59.99","EUR","2722","0.32"
"754","2020-06-23 20:30:50","29.99","USD","5512","0.32"
"755","2020-02-14 05:33:39","99.99","EUR","3423","0.32"
"756","2021-02-16 06:37:21","59.99","EUR","8260","0.18"
"757","2019-12-22 05:51:56","29.99","EUR","5368","0.32"
"758","2019-08-26 17:58:14","29.99","EUR","4808","0.32"
"759","2021-02-04 19:47:12","59.99","USD","6623","0.32"
"760","2020-02-19 23:16:01","99.99","EUR","9581","0.18"
"761","2020-11-04 16:38:57","29.99","EUR","3591","0.32"
"762","2019-05-29 12:08:33","29.99","USD","6187","0.18"
"763","2020-08-02 17:05:24","59.99","USD","9617","0.32"
"764","2021-04-01 18:02:39","99.99","USD","1652","0.32"
"765","2020-11-19 17:33:32","99.99","USD","7772","0.32"
"766","2019-07-27 08:33:08","59.99","EUR","4430","0.18"
"767","2019-08-27 11:04:36","59.99","EUR","5909","0.18"
"768","2019-07-08 13:16:22","29.99","EUR","7123","0.18"
"769","2020-11-15 08:26:28","29.99","USD","1769","0.18"
"770","2019-11-16 03:02:54","59.99","EUR","3971","0.18"
"771","2020-08-01 13:39:08","99.99","EUR","3039","0.32"
"772","2019-12-04 12:36:11","59.99","USD","8903","0.18"
"773","2020-09-09 01:42:21","99.99","USD","2228","0.32"
"774","2021-01-21 18:56:14","59.99","EUR","4128","0.32"
"775","2020-01-21 12:40:44","29.99","USD","7572","0.18"
"776","2020-03-14 08:26:58","29.99","EUR","980","0.32"
"777","2020-04-28 12:41:18","29.99","USD","8554","0.32"
"778","2019-06-28 07:11:29","29.99","USD","5072","0.18"
"779","2019-07-25 15:17:21","99.99","EUR","1640","0.32"
"780","2020-08-29 19:02:35","99.99","EUR","7829","0.18"
"781","2020-05-03 20:36:29","29.99","EUR","9840","0.32"
"782","2020-02-16 14:32:28","29.99","USD","6640","0.32"
"783","2020-05-17 10:04:40","29.99","USD","4329","0.32"
"784","2019-07-12 20:12:17","29.99","EUR","3485","0.32"
"785","2020-07-25 18:29:06","59.99","EUR","7836","0.18"
"786","2020-05-19 12:05:54","59.99","USD","1783","0.18"
"787","2020-05-30 16:58:11","29.99","EUR","3809","0.18"
"788","2019-12-17 17:25:07","29.99","EUR","407","0.32"
"789","2020-08-31 12:15:03","29.99","EUR","7358","0.32"
"790","2020-04-15 18:41:10","99.99","EUR","3430","0.32"
"791","2020-07-13 11:27:59","59.99","EUR","2423","0.32"
"792","2020-10-20 03:58:08","29.99","EUR","8349","0.18"
"793","2019-09-30 20:16:12","99.99","EUR","5508","0.32"
"794","2019-09-15 03:30:10","59.99","USD","8179","0.18"
"795","2019-08-19 18:05:05","59.99","EUR","3423","0.18"
"796","2020-09-28 09:39:23","59.99","EUR","70","0.32"
"797","2021-03-12 13:31:34","99.99","EUR","5265","0.18"
"798","2020-12-12 11:43:57","99.99","EUR","9603","0.18"
"799","2020-09-22 02:18:07","59.99","EUR","1688","0.18"
"800","2021-01-13 01:18:24","29.99","EUR","9911","0.32"
"801","2021-01-21 04:25:29","59.99","EUR","2427","0.18"
"802","2019-09-25 14:07:50","59.99","USD","4960","0.18"
"803","2020-09-21 21:37:09","59.99","EUR","9193","0.32"
"804","2019-11-30 12:48:06","99.99","EUR","8398","0.32"
"805","2021-01-29 04:31:49","29.99","USD","4910","0.32"
"806","2020-11-11 23:32:22","59.99","EUR","2633","0.32"
"807","2019-07-26 02:39:31","29.99","USD","2036","0.32"
"808","2020-09-11 19:24:29","99.99","USD","8421","0.18"
"809","2019-12-09 16:23:30","59.99","USD","1863","0.32"
"810","2020-01-20 10:47:42","29.99","USD","7776","0.18"
"811","2020-01-29 20:34:14","99.99","EUR","3535","0.32"
"812","2021-02-06 19:05:50","99.99","EUR","7939","0.18"
"813","2019-10-26 10:41:27","59.99","USD","5726","0.18"
"814","2020-04-22 13:34:06","59.99","EUR","9137","0.32"
"815","2019-12-02 13:44:31","59.99","EUR","6100","0.18"
"816","2019-12-04 00:58:15","99.99","USD","4685","0.18"
"817","2020-05-12 00:19:11","29.99","EUR","5765","0.32"
"818","2019-10-27 09:21:49","59.99","USD","3157","0.18"
"819","2020-11-24 14:42:48","59.99","USD","2692","0.18"
"820","2020-12-13 13:13:49","29.99","USD","5439","0.32"
"821","2020-03-15 00:37:06","99.99","USD","7662","0.32"
"822","2019-12-10 04:29:46","59.99","USD","5909","0.32"
"823","2020-11-25 18:31:34","29.99","USD","7754","0.32"
"824","2019-06-11 17:36:19","99.99","USD","8575","0.32"
"825","2020-08-04 02:34:02","99.99","USD","8929","0.18"
"826","2019-09-18 13:50:52","59.99","EUR","8403","0.18"
"827","2019-07-28 08:40:08","29.99","USD","5636","0.32"
"828","2021-01-15 21:39:42","59.99","USD","5118","0.18"
"829","2020-05-17 06:32:03","99.99","USD","6265","0.32"
"830","2021-03-21 11:33:03","59.99","USD","8786","0.32"
"831","2020-07-26 06:39:33","99.99","EUR","7473","0.32"
"832","2021-02-16 20:54:17","29.99","USD","7679","0.18"
"833","2020-11-17 07:25:04","29.99","USD","7320","0.18"
"834","2020-11-28 15:25:38","59.99","USD","511","0.32"
"835","2020-12-30 12:26:34","59.99","USD","5852","0.32"
"836","2019-07-14 05:40:07","59.99","EUR","3130","0.32"
"837","2020-03-16 03:48:31","29.99","USD","3582","0.32"
"838","2020-01-15 14:26:28","59.99","USD","6937","0.32"
"839","2020-12-10 02:55:58","29.99","USD","3440","0.32"
"840","2020-05-25 22:18:21","29.99","EUR","3791","0.18"
"841","2019-07-25 19:32:50","29.99","USD","5895","0.32"
"842","2020-08-23 15:14:34","99.99","USD","1722","0.32"
"843","2021-04-19 02:07:50","29.99","EUR","9213","0.32"
"844","2019-10-25 07:19:07","29.99","USD","7759","0.32"
"845","2020-01-08 11:32:03","99.99","EUR","1006","0.18"
"846","2021-03-30 15:26:01","99.99","EUR","6201","0.32"
"847","2020-07-24 04:36:45","59.99","USD","4817","0.32"
"848","2020-05-30 19:04:38","29.99","EUR","1826","0.18"
"849","2020-06-14 19:16:32","59.99","EUR","5434","0.32"
"850","2020-11-27 03:02:27","29.99","EUR","8719","0.32"
"851","2019-07-16 10:56:24","59.99","EUR","1465","0.18"
"852","2021-03-31 15:15:16","99.99","EUR","727","0.32"
"853","2019-06-18 20:38:50","59.99","EUR","9374","0.18"
"854","2019-11-28 22:00:01","29.99","USD","3387","0.32"
"855","2021-01-12 16:43:23","59.99","USD","3868","0.32"
"856","2019-10-12 04:23:11","29.99","EUR","1954","0.32"
"857","2020-09-09 03:42:42","29.99","EUR","3171","0.18"
"858","2020-08-07 07:28:55","99.99","USD","8398","0.18"
"859","2021-02-17 12:40:31","99.99","EUR","2786","0.18"
"860","2019-08-16 03:19:14","59.99","USD","6139","0.32"
"861","2019-06-17 06:37:37","29.99","USD","3694","0.32"
"862","2019-06-05 09:39:09","29.99","USD","3063","0.18"
"863","2020-12-27 05:22:53","29.99","EUR","7641","0.32"
"864","2019-06-10 17:13:38","29.99","EUR","9214","0.18"
"865","2020-10-26 13:17:05","59.99","USD","1125","0.18"
"866","2021-01-10 16:00:54","99.99","USD","5411","0.32"
"867","2020-05-13 16:18:01","29.99","EUR","4053","0.18"
"868","2021-02-25 19:15:02","99.99","EUR","7400","0.32"
"869","2021-04-24 19:11:20","29.99","USD","2095","0.32"
"870","2020-03-08 04:17:13","29.99","EUR","8526","0.32"
"871","2020-09-22 22:49:08","99.99","EUR","2850","0.18"
"872","2020-05-12 03:08:15","99.99","USD","3217","0.32"
"873","2020-07-31 02:49:39","29.99","USD","9231","0.32"
"874","2019-07-18 10:46:07","59.99","EUR","7180","0.18"
"875","2020-01-08 22:41:39","29.99","EUR","7571","0.32"
"876","2020-03-25 08:15:09","59.99","EUR","9459","0.18"
"877","2020-01-31 14:20:16","59.99","USD","6232","0.18"
"878","2019-06-17 18:40:31","99.99","EUR","8056","0.32"
"879","2020-03-09 15:06:20","29.99","USD","5234","0.18"
"880","2020-09-21 00:20:06","99.99","USD","2209","0.18"
"881","2019-12-02 23:56:26","59.99","USD","4439","0.32"
"882","2020-04-24 05:55:49","29.99","USD","9200","0.18"
"883","2020-11-06 22:26:36","99.99","USD","9780","0.18"
"884","2020-07-18 16:14:30","99.99","EUR","3243","0.32"
"885","2019-11-02 19:55:54","59.99","USD","5366","0.32"
"886","2019-08-09 08:23:52","59.99","EUR","7021","0.18"
"887","2020-09-23 10:03:01","59.99","USD","3667","0.18"
"888","2019-07-29 17:28:39","29.99","EUR","2488","0.18"
"889","2019-06-21 12:21:51","29.99","EUR","7182","0.32"
"890","2020-12-13 15:52:49","99.99","EUR","8822","0.18"
"891","2020-09-13 03:30:32","29.99","EUR","2707","0.18"
"892","2020-05-23 08:46:25","99.99","EUR","6848","0.18"
"893","2020-11-08 10:49:55","29.99","USD","4470","0.32"
"894","2021-03-11 04:14:49","29.99","EUR","9502","0.32"
"895","2019-11-01 06:25:04","59.99","USD","3179","0.32"
"896","2020-11-22 19:40:01","29.99","USD","4342","0.32"
"897","2021-02-12 16:15:29","59.99","USD","5310","0.18"
"898","2020-08-11 03:39:54","59.99","EUR","5532","0.18"
"899","2020-08-27 11:26:39","59.99","USD","3219","0.18"
"900","2019-11-28 13:22:44","29.99","EUR","2447","0.32"
"901","2020-03-19 18:42:18","29.99","USD","3737","0.18"
"902","2020-08-30 16:06:30","59.99","EUR","6670","0.32"
"903","2020-02-17 21:07:08","99.99","EUR","3901","0.18"
"904","2020-05-12 05:08:20","59.99","USD","5118","0.32"
"905","2020-12-15 14:42:55","29.99","EUR","7088","0.18"
"906","2019-12-20 02:55:53","99.99","USD","8066","0.18"
"907","2019-11-28 15:29:09","99.99","USD","475","0.32"
"908","2020-03-06 05:33:07","59.99","USD","997","0.18"
"909","2020-09-07 11:30:46","29.99","USD","1061","0.18"
"910","2019-07-09 19:06:18","59.99","EUR","1961","0.32"
"911","2020-05-11 16:57:30","59.99","EUR","573","0.32"
"912","2020-03-08 09:28:35","99.99","EUR","625","0.18"
"913","2021-04-21 22:54:40","99.99","USD","7702","0.18"
"914","2019-10-12 04:00:43","59.99","USD","4859","0.18"
"915","2020-09-12 03:50:17","99.99","USD","512","0.18"
"916","2020-04-25 17:01:31","99.99","USD","8162","0.18"
"917","2021-04-25 07:18:15","99.99","EUR","9278","0.18"
"918","2020-12-29 06:51:49","29.99","EUR","5972","0.32"
"919","2020-07-20 21:39:23","29.99","EUR","5660","0.32"
"920","2020-10-02 15:48:15","99.99","EUR","2261","0.32"
"921","2020-02-26 04:25:08","59.99","EUR","1568","0.32"
"922","2019-05-24 14:00:02","29.99","USD","3412","0.32"
"923","2020-04-16 00:58:04","99.99","EUR","8699","0.18"
"924","2019-11-04 16:50:38","99.99","USD","9190","0.18"
"925","2020-12-16 20:42:33","99.99","EUR","735","0.32"
"926","2021-02-06 21:46:05","59.99","USD","7501","0.18"
"927","2020-07-02 04:26:32","29.99","USD","5185","0.18"
"928","2019-07-13 02:28:22","59.99","USD","3941","0.32"
"929","2019-07-07 01:21:07","99.99","USD","2104","0.18"
"930","2020-04-18 14:55:43","59.99","USD","855","0.18"
"931","2020-07-31 07:50:43","59.99","USD","7453","0.32"
"932","2021-01-06 18:15:11","59.99","EUR","9181","0.32"
"933","2020-02-23 08:49:29","29.99","EUR","6915","0.18"
"934","2021-04-19 10:19:58","59.99","USD","5693","0.18"
"935","2019-06-19 04:37:39","59.99","USD","5262","0.18"
"936","2019-08-12 07:26:33","99.99","EUR","3716","0.32"
"937","2021-03-03 11:10:14","59.99","EUR","5435","0.32"
"938","2020-11-16 07:32:44","59.99","EUR","5335","0.32"
"939","2019-10-21 19:18:18","99.99","EUR","6966","0.18"
"940","2019-08-07 15:20:43","59.99","EUR","8783","0.18"
"941","2019-06-06 23:38:27","59.99","USD","7983","0.18"
"942","2020-09-21 21:58:44","29.99","EUR","3270","0.32"
"943","2020-10-18 16:00:21","59.99","EUR","1158","0.18"
"944","2020-07-08 06:50:04","29.99","USD","5634","0.18"
"945","2020-05-29 23:52:08","29.99","EUR","2337","0.32"
"946","2019-05-30 23:37:27","59.99","USD","4977","0.18"
"947","2020-05-13 13:40:55","59.99","USD","9804","0.18"
"948","2019-09-27 00:53:58","59.99","EUR","8461","0.18"
"949","2021-02-22 20:08:04","29.99","EUR","6583","0.32"
"950","2020-04-03 17:47:30","59.99","EUR","5195","0.18"
"951","2021-02-11 04:24:46","59.99","USD","1488","0.18"
"952","2020-11-13 17:33:29","99.99","USD","2572","0.32"
"953","2019-08-08 11:08:27","29.99","EUR","3009","0.32"
"954","2021-04-15 15:12:43","59.99","EUR","9980","0.18"
"955","2019-12-15 15:27:03","29.99","USD","7706","0.18"
"956","2020-09-07 20:39:25","29.99","EUR","8436","0.18"
"957","2019-12-15 07:58:56","99.99","USD","4609","0.18"
"958","2020-07-12 11:24:06","59.99","EUR","5181","0.32"
"959","2020-10-30 15:30:40","59.99","EUR","9852","0.18"
"960","2019-10-13 17:15:16","59.99","EUR","7602","0.18"
"961","2020-05-01 18:52:41","59.99","USD","7320","0.32"
"962","2019-11-26 16:33:38","59.99","EUR","6265","0.18"
"963","2020-08-19 12:31:21","29.99","EUR","9252","0.32"
"964","2020-02-26 01:01:58","29.99","USD","2904","0.32"
"965","2021-03-05 14:22:40","29.99","EUR","7390","0.18"
"966","2019-11-05 02:21:19","59.99","USD","6342","0.32"
"967","2020-12-18 11:09:27","29.99","USD","7794","0.18"
"968","2020-11-09 22:05:12","29.99","EUR","551","0.18"
"969","2020-04-12 04:29:19","99.99","EUR","2158","0.32"
"970","2020-01-23 01:10:15","29.99","EUR","6332","0.18"
"971","2020-02-20 17:27:54","59.99","EUR","5328","0.18"
"972","2020-10-25 03:39:21","29.99","USD","6504","0.32"
"973","2020-11-01 08:22:57","59.99","USD","4786","0.18"
"974","2019-07-26 09:48:17","99.99","EUR","784","0.18"
"975","2020-08-23 10:27:32","29.99","EUR","3728","0.32"
"976","2019-10-09 17:53:48","99.99","USD","6334","0.18"
"977","2020-10-11 15:27:51","99.99","EUR","3769","0.18"
"978","2019-05-28 12:11:01","29.99","USD","5975","0.32"
"979","2020-05-26 03:51:07","29.99","USD","1314","0.32"
"980","2019-11-01 06:50:26","99.99","EUR","9981","0.18"
"981","2020-12-01 18:15:25","99.99","EUR","636","0.32"
"982","2021-03-03 23:57:35","99.99","USD","2528","0.18"
"983","2019-11-12 08:03:56","99.99","EUR","261","0.18"
"984","2019-12-11 00:45:42","29.99","USD","6560","0.32"
"985","2021-02-01 23:57:26","29.99","USD","3075","0.18"
"986","2021-01-13 23:42:23","59.99","EUR","3265","0.32"
"987","2020-03-22 00:04:03","29.99","EUR","7382","0.32"
"988","2019-05-20 10:23:22","29.99","USD","1336","0.32"
"989","2020-04-05 15:03:35","29.99","EUR","1799","0.18"
"990","2020-04-20 18:13:24","99.99","USD","7736","0.18"
"991","2019-06-21 21:02:32","59.99","EUR","1082","0.18"
"992","2020-03-30 10:08:36","59.99","USD","2811","0.32"
"993","2021-02-16 13:31:55","29.99","USD","5280","0.32"
"994","2019-11-18 11:55:27","29.99","USD","8711","0.32"
"995","2020-07-26 16:59:06","99.99","EUR","9678","0.18"
"996","2020-05-18 10:54:10","29.99","USD","8405","0.32"
"997","2020-09-18 09:23:47","29.99","EUR","4255","0.18"
"998","2020-01-25 03:53:38","59.99","EUR","7659","0.18"
"999","2020-08-21 23:08:07","99.99","EUR","7919","0.32"
"1000","2019-07-01 03:03:49","59.99","USD","3553","0.32"
